X,Result_SIN
-6.283185,0.0000000000
-6.233185,0.0499791688
-6.183185,0.0998334262
-6.133185,0.1494381400
-6.083185,0.1986693368
-6.033185,0.2474039640
-5.983185,0.2955202104
-5.933185,0.3428978104
-5.883185,0.3894183446
-5.833185,0.4349655359
-5.783185,0.4794255400
-5.733185,0.5226872300
-5.683185,0.5646424742
-5.633185,0.6051864064
-5.583185,0.6442176877
-5.533185,0.6816387604
-5.483185,0.7173560829
-5.433185,0.7512803989
-5.383185,0.7833269048
-5.333185,0.8134155010
-5.283185,0.8414709819
-5.233185,0.8674232233
-5.183185,0.8912073583
-5.133185,0.9127639389
-5.083185,0.9320390849
-5.033185,0.9489846186
-4.983185,0.9635581848
-4.933185,0.9757233574
-4.883185,0.9854497296
-4.833185,0.9927129990
-4.783185,0.9974949927
-4.733185,0.9997837689
-4.683185,0.9995736067
-4.633185,0.9968650312
-4.583185,0.9916648126
-4.533185,0.9839859485
-4.483185,0.9738476321
-4.433185,0.9612752039
-4.383185,0.9463000884
-4.333185,0.9289597155
-4.283185,0.9092974272
-4.233185,0.8873623689
-4.183185,0.8632093592
-4.133185,0.8368987852
-4.083185,0.8084963996
-4.033185,0.7780731937
-3.983185,0.7457052098
-3.933185,0.7114733510
-3.883185,0.6754631792
-3.833185,0.6377647011
-3.783185,0.5984721434
-3.733185,0.5576837168
-3.683185,0.5155013714
-3.633185,0.4720305410
-3.583185,0.4273798886
-3.533185,0.3816609983
-3.483185,0.3349881548
-3.433185,0.2874780157
-3.383185,0.2392493317
-3.333185,0.1904226492
-3.283185,0.1411200094
-3.233185,0.0914646432
-3.183185,0.0415806631
-3.133185,-0.0084072469
-3.083185,-0.0583741431
-3.033185,-0.1081951343
-2.983185,-0.1577457026
-2.933185,-0.2069019778
-2.883185,-0.2555411064
-2.833185,-0.3035415159
-2.783185,-0.3507832299
-2.733185,-0.3971481689
-2.683185,-0.4425204444
-2.633185,-0.4867866494
-2.583185,-0.5298361415
-2.533185,-0.5715613191
-2.483185,-0.6118578912
-2.433185,-0.6506251372
-2.383185,-0.6877661520
-2.333185,-0.7231881191
-2.283185,-0.7568024919
-2.233185,-0.7885252521
-2.183185,-0.8182771095
-2.133185,-0.8459837000
-2.083185,-0.8715757717
-2.033185,-0.8949893577
-1.983185,-0.9161659364
-1.933185,-0.9350525774
-1.883185,-0.9516020738
-1.833185,-0.9657730673
-1.783185,-0.9775301221
-1.733185,-0.9868438614
-1.683185,-0.9936910055
-1.633185,-0.9980544399
-1.583185,-0.9999232583
-1.533185,-0.9992927894
-1.483185,-0.9961646091
-1.433185,-0.9905465361
-1.383185,-0.9824526127
-1.333185,-0.9719030627
-1.283185,-0.9589242706
-1.233185,-0.9435486662
-1.183185,-0.9258146809
-1.133185,-0.9057666407
-1.083185,-0.8834546553
-1.033185,-0.8589344932
-0.983185,-0.8322674421
-0.933185,-0.8035201558
-0.883185,-0.7727644939
-0.833185,-0.7400773138
-0.783185,-0.7055403273
-0.733185,-0.6692398581
-0.683185,-0.6312666383
-0.633185,-0.5917155808
-0.583185,-0.5506855427
-0.533185,-0.5082790679
-0.483185,-0.4646021755
-0.433185,-0.4197640164
-0.383185,-0.3738766643
-0.333185,-0.3270548147
-0.283185,-0.2794154982
-0.233185,-0.2310777957
-0.183185,-0.1821625056
-0.133185,-0.1327919090
-0.083185,-0.0830894028
-0.033185,-0.0331792162
0.016815,0.0168139005
0.066815,0.0667649915
0.116815,0.1165492049
0.166815,0.1660421066
0.216815,0.2151199926
0.266815,0.2636601824
0.316815,0.3115413634
0.366815,0.3586438532
0.416815,0.4048499196
0.466815,0.4500440709
0.516815,0.4941133439
0.566815,0.5369476025
0.616815,0.5784397645
0.666815,0.6184861285
0.716815,0.6569865994
0.766815,0.6938449463
0.816815,0.7289690428
0.866815,0.7622710975
0.916815,0.7936678734
0.966815,0.8230808789
1.016815,0.8504366204
1.066815,0.8756667132
1.116815,0.8987080951
1.166815,0.9195031746
1.216815,0.9379999747
1.266815,0.9541522628
1.316815,0.9679196663
1.366815,0.9792677734
1.416815,0.9881682340
1.466815,0.9945987793
1.516815,0.9985433458
1.566815,0.9999920739
1.616815,0.9989413429
1.666815,0.9953937789
1.716815,0.9893582491
1.766815,0.9808498395
1.816815,0.9698898167
1.866815,0.9565055755
1.916815,0.9407305565
1.966815,0.9226042100
2.016815,0.9021718333
2.066815,0.8794844969
2.116815,0.8545989071
2.166815,0.8275772650
2.216815,0.7984871105
2.266815,0.7674011538
2.316815,0.7343970935
2.366815,0.6995574223
2.416815,0.6629692210
2.466815,0.6247239540
2.516815,0.5849171932
2.566815,0.5436484442
2.616815,0.5010208572
2.666815,0.4571409790
2.716815,0.4121184867
2.766815,0.3660659129
2.816815,0.3190983652
2.866815,0.2713332381
2.916815,0.2228899196
2.966815,0.1738894930
3.016815,0.1244544233
3.066815,0.0747082901
3.116815,0.0247754250
3.166815,-0.0252193658
3.216815,-0.0751511213
3.266815,-0.1248950383
3.316815,-0.1743267829
3.366815,-0.2233228014
3.416815,-0.2717606295
3.466815,-0.3195191978
3.516815,-0.3664791349
3.566815,-0.4125230655
3.616815,-0.4575358935
3.666815,-0.5014051278
3.716815,-0.5440211104
3.766815,-0.5852773235
3.816815,-0.6250706480
3.866815,-0.6633016213
3.916815,-0.6998746860
3.966815,-0.7346984282
4.016815,-0.7676858068
4.066815,-0.7987543705
4.116815,-0.8278264640
4.166815,-0.8548294220
4.216815,-0.8796957511
4.266815,-0.9023633103
4.316815,-0.9227754221
4.366815,-0.9408810759
4.416815,-0.9566350171
4.466815,-0.9699978690
4.516815,-0.9809362315
4.566815,-0.9894227644
4.616815,-0.9954362558
4.666815,-0.9989616752
4.716815,-0.9999902109
4.766815,-0.9985192921
4.816815,-0.9945525955
4.866815,-0.9881000359
4.916815,-0.9791777287
4.966815,-0.9678079970
5.016815,-0.9540192492
5.066815,-0.9378459501
5.116815,-0.9193285244
5.166815,-0.8985132562
5.216815,-0.8754521726
5.266815,-0.8502029144
5.316815,-0.8228285915
5.366815,-0.7933976254
5.416815,-0.7619835782
5.466815,-0.7286649685
5.516815,-0.6935250754
5.566815,-0.6566517427
5.616815,-0.6181371128
5.666815,-0.5780774622
5.716815,-0.5365729190
5.766815,-0.4937272230
5.816815,-0.4496474662
5.866815,-0.4044438249
5.916815,-0.3582292849
5.966815,-0.3111193584
6.016815,-0.2632317957
6.066815,-0.2146862909
6.116815,-0.1656041825
6.166815,-0.1161081502
6.216815,-0.0663218969
6.266815,-0.0163698826
