X,Result_F
-6.283185,NaN
-6.233185,19.0609380076
-6.183185,9.1274912870
-6.133185,5.8669157797
-6.083185,4.2797919742
-6.033185,3.3667157932
-5.983185,2.7949937691
-5.933185,2.4224871834
-5.883185,2.1786075707
-5.833185,2.0246890946
-5.783185,1.9381868597
-5.733185,1.9055562927
-5.683185,1.9187728474
-5.633185,1.9735641564
-5.583185,2.0685444979
-5.533185,2.2048980532
-5.483185,2.3864727184
-5.433185,2.6202737645
-5.383185,2.9174563106
-5.333185,3.2950570415
-5.283185,3.7789432197
-5.233185,4.4089138527
-5.183185,5.2478416403
-5.133185,6.3988844755
-5.083185,8.0399893302
-5.033185,10.4987516062
-4.983185,14.4321269328
-4.933185,21.3197739238
-4.883185,35.0976676297
-4.833185,69.3571633742
-4.783185,200.3469250403
-4.733185,2313.0402072963
-4.683185,1173.3657648362
-4.633185,160.2375729772
-4.583185,60.7273963202
-4.533185,31.9550616809
-4.483185,19.8406483159
-4.433185,13.6210221766
-4.383185,10.0063355667
-4.333185,7.7184920772
-4.283185,6.1772183184
-4.233185,5.0884411193
-4.183185,4.2904647778
-4.133185,3.6886704934
-4.083185,3.2249745789
-4.033185,2.8624158536
-3.983185,2.5768935235
-3.933185,2.3525245948
-3.883185,2.1789484019
-3.833185,2.0497443229
-3.783185,1.9615353762
-3.733185,1.9135656008
-3.683185,1.9076715589
-3.633185,1.9486774298
-3.583185,2.0453793662
-3.533185,2.2125260496
-3.483185,2.4747284232
-3.433185,2.8745470945
-3.383185,3.4907557781
-3.333185,4.4853243003
-3.283185,6.2500697509
-3.233185,10.0337886424
-3.183185,23.0930225317
-3.133185,-119.9407917721
-3.083185,-18.1860385521
-3.033185,-10.3403302931
-2.983185,-7.4762047058
-2.933185,-6.0065535319
-2.883185,-5.1213576255
-2.833185,-4.5366522850
-2.783185,-4.1277177312
-2.733185,-3.8317446189
-2.683185,-3.6142365990
-2.633185,-3.4552847769
-2.583185,-3.3432762713
-2.533185,-3.2717844191
-2.483185,-3.2379832942
-2.433185,-3.2418823136
-2.383185,-3.2860745951
-2.333185,-3.3758860456
-2.283185,-3.5199328645
-2.233185,-3.7312067020
-2.183185,-4.0289589302
-2.133185,-4.4419188076
-2.083185,-5.0138946564
-2.033185,-5.8138942361
-1.983185,-6.9553703508
-1.933185,-8.6352792691
-1.883185,-11.2201343265
-1.833185,-15.4567454818
-1.783185,-23.0665885372
-1.733185,-38.7928793570
-1.683185,-80.0200441830
-1.633185,-257.7508445172
-1.583185,-6516.0503168693
-1.533185,-707.7545863179
-1.483185,-131.1258253539
-1.433185,-53.6678390268
-1.383185,-29.2947051838
-1.333185,-18.6262895919
-1.283185,-13.0406969002
-1.233185,-9.7694703103
-1.183185,-7.7032446910
-1.133185,-6.3272389596
-1.083185,-5.3761339197
-1.033185,-4.7019459770
-0.983185,-4.2169177079
-0.933185,-3.8664338998
-0.883185,-3.6152053091
-0.833185,-3.4398011215
-0.783185,-3.3244294295
-0.733185,-3.2584824967
-0.683185,-3.2351021968
-0.633185,-3.2503838239
-0.583185,-3.3030321721
-0.533185,-3.3944087893
-0.483185,-3.5290192493
-0.433185,-3.7156362300
-0.383185,-3.9695260920
-0.333185,-4.3168549601
-0.283185,-4.8039042155
-0.233185,-5.5182627594
-0.183185,-6.6448354585
-0.133185,-8.6481211616
-0.083185,-13.1119922942
-0.033185,-31.1714643117
0.016815,-30239.7489431709
0.066815,-741.4416667862
0.116815,-92.5039979136
0.166815,-18.0696365685
0.216815,-4.3481130567
0.266815,-1.1697387487
0.316815,-0.3339949630
0.366815,-0.0978772839
0.416815,-0.0287044190
0.466815,-0.0082424319
0.516815,-0.0022682160
0.566815,-0.0005842470
0.616815,-0.0001369000
0.666815,-0.0000281067
0.716815,-0.0000047933
0.766815,-0.0000006253
0.816815,-0.0000000542
0.866815,-0.0000000024
0.916815,-0.0000000000
0.966815,-0.0000000000
1.016815,0.0000000000
1.066815,0.0000000000
1.116815,0.0000000002
1.166815,0.0000000047
1.216815,0.0000000412
1.266815,0.0000002208
1.316815,0.0000008638
1.366815,0.0000027090
1.416815,0.0000072144
1.466815,0.0000169476
1.516815,0.0000360546
1.566815,0.0000707906
1.616815,0.0001300972
1.666815,0.0002262053
1.716815,0.0003752478
1.766815,0.0005978666
1.816815,0.0009197997
1.866815,0.0013724403
1.916815,0.0019933562
1.966815,0.0028267676
2.016815,0.0039239748
2.066815,0.0053437382
2.116815,0.0071526050
2.166815,0.0094251870
2.216815,0.0122443871
2.266815,0.0157015787
2.316815,0.0198967391
2.366815,0.0249385396
2.416815,0.0309443963
2.466815,0.0380404826
2.516815,0.0463617081
2.566815,0.0560516669
2.616815,0.0672625571
2.666815,0.0801550757
2.716815,0.0953606364
2.766815,0.1116694933
2.816815,0.1306540340
2.866815,0.1520451419
2.916815,0.1760437325
2.966815,0.2028582040
3.016815,0.2327042247
3.066815,0.2658045132
3.116815,0.3023886124
3.166815,0.3426926595
3.216815,0.3869591519
3.266815,0.4354367122
3.316815,0.4883798509
3.366815,0.5460487301
3.416815,0.6087089265
3.466815,0.6766311970
3.516815,0.7500912454
3.566815,0.8293694918
3.616815,0.9147508453
3.666815,1.0065244796
3.716815,1.1049836129
3.766815,1.2104252913
3.816815,1.3231501768
3.866815,1.4434623400
3.916815,1.5716690572
3.966815,1.7080806122
4.016815,1.8530101039
4.066815,2.0067732577
4.116815,2.1696882428
4.166815,2.3420754944
4.216815,2.5242575412
4.266815,2.7165588373
4.316815,2.9193056002
4.366815,3.1328256531
4.416815,3.3574482725
4.466815,3.5935040407
4.516815,3.8413247030
4.566815,4.1012430301
4.616815,4.3735926850
4.666815,4.6587080943
4.716815,4.9569243243
4.766815,5.2685769616
4.816815,5.5940019980
4.866815,5.9335357195
4.916815,6.2875145997
4.966815,6.6562751967
5.016815,7.0401540549
5.066815,7.4394876097
5.116815,7.8546120965
5.166815,8.2858634628
5.216815,8.7335772846
5.266815,9.1980886858
5.316815,9.6797322603
5.366815,10.1788419987
5.416815,10.6957512169
5.466815,11.2307924885
5.516815,11.7842975793
5.566815,12.3565973860
5.616815,12.9480218762
5.666815,13.5589000317
5.716815,14.1895597948
5.766815,14.8403280164
5.816815,15.5115304067
5.866815,16.2034914884
5.916815,16.9165345522
5.966815,17.6509816139
6.016815,18.4071533745
6.066815,19.1853691815
6.116815,19.9859469929
6.166815,20.8092033420
6.216815,21.6554533055
6.266815,22.5250104719
